[
    {
        "imgSrc": "/assets/card-images/lawyer.png",
        "title": "Doctor Zubair",
        "desc": "Expert legal assistance for personal, business, or family matters. Providing guidance and representation to protect your rights and interests"
    },
    {
        "imgSrc": "/assets/card-images/lawyer.png",
        "title": "Muneeb Hafiz",
        "desc": "Expert legal assistance for personal, business, or family matters. Providing guidance and representation to protect your rights and interests"
    },
    {
        "imgSrc": "/assets/card-images/lawyer.png",
        "title": "Doctor Faizan",
        "desc": "Expert legal assistance for personal, business, or family matters. Providing guidance and representation to protect your rights and interests"
    }
]