[
    {
        "imgSrc": "/assets/card-images/lawyer.png",
        "title": "Lawyer",
        "desc": "Expert legal assistance for personal, business, or family matters. Providing guidance and representation to protect your rights and interests",
        "id": 1
    },
    {
        "imgSrc": "/assets/card-images/doctor.png",
        "title": "Doctor",
        "desc": "Comprehensive healthcare services for all ages, focusing on personalized treatment, prevention, and well-being to ensure a healthy life ",
        "id": 2
    },
    {
        "imgSrc": "/assets/card-images/advertisor.png",
        "title": "Advertisor",
        "desc": " Professional accounting and financial management services, from bookkeeping to tax planning, ensuring accurate and compliant financial records",
        "id": 3
    },
    {
        "imgSrc": "/assets/card-images/it-prof.png",
        "title": "IT  Professional",
        "desc": " Professional accounting and financial management services, from bookkeeping to tax planning, ensuring accurate and compliant financial records",
        "id": 4
    },
    {
        "imgSrc": "/assets/card-images/real-state.png",
        "title": "Real State Agent",
        "desc": " Professional accounting and financial management services, from bookkeeping to tax planning, ensuring accurate and compliant financial records",
        "id": 5
    },
    {
        "imgSrc": "/assets/card-images/engineer.png",
        "title": "Engineer",
        "desc": " Professional accounting and financial management services, from bookkeeping to tax planning, ensuring accurate and compliant financial records",
        "id": 6
    }
]